{
  "code": "---\n---\n\n<h1 className=\"text-2xl font-bold leading-9 tracking-tight text-gray-900 home:text-white\">\n  Heading 1\n</h1>",
  "createdAt": "2025-08-27T07:59:16Z",
  "dataSource": null,
  "description": null,
  "id": "4316442132488",
  "meta": {
    "id": "4346506903643",
    "ogDescription": null,
    "ogImage": null,
    "ogSiteName": null,
    "ogTitle": null,
    "ogType": null,
    "ogUrl": null,
    "seoDescription": null,
    "seoKeywords": null,
    "seoTitle": null,
    "xCard": null,
    "xSite": null
  },
  "pageType": "Home",
  "slug": null,
  "title": "首页",
  "updatedAt": "2025-09-01T03:28:56Z"
}