{
  "config": {
    "address": null,
    "contact": null,
    "domain": null,
    "email": null,
    "emailTemplates": null,
    "fax": null,
    "id": "4518305595394",
    "mobile": null,
    "redirects": null,
    "tel": null,
    "websiteTitle": null,
    "wechat": null
  },
  "id": "4355096838146",
  "isInMarket": null,
  "lang": {
    "abbr": "zh-CN",
    "cnName": "简体中文",
    "enName": "Chinese (Simplified)",
    "id": "4303557230593",
    "localName": "简体中文"
  },
  "name": "yian-test-demo简体中文主题",
  "parentThemeId": null,
  "settings": null,
  "styleConfig": null,
  "componentCategories": [],
  "templateCategories": []
}